,Unnamed: 0.3,Unnamed: 0.2,Unnamed: 0.1,Unnamed: 0,4,3
0,0,0,0,,"[(902, 736), (1116, 690), (387, 800), (1362, 305), (619, 20), (680, 201), (852, 628), (715, 226), (7, 373), (1326, 201), (1047, 666), (128, 519), (1053, 394), (654, 596), (601, 155), (953, 274), (1069, 643), (1413, 904), (1286, 377), (619, 500)]","[(533, 771), (272, 710), (22, 550), (1102, 155), (831, 879), (750, 233), (93, 547), (120, 713), (918, 88), (329, 915), (324, 518), (531, 710), (577, 251), (144, 600), (1003, 812), (367, 97), (718, 826), (515, 387), (859, 440), (181, 534)]"
1,1,1,1,,True,True
2,2,2,2,,"[12, 0]","[0, 6]"
3,3,3,3,,"[[], []]","[[], []]"
4,4,4,4,,"[['SAFE', 'SAFE', 'SAFE', 'SAFE', 'SAFE', 'SAFE', 'SAFE', 'SAFE', 'SAFE', 'SAFE', 'SAFE', 'SAFE', 'SAFE', 'SAFE', 'SAFE', 'SAFE', 'SAFE', 'SAFE', 'SAFE', 'SAFE', 'SAFE', 'SAFE', 'SAFE', 'SAFE', 'SAFE', 'SAFE', 'SAFE', 'SAFE', 'SAFE', 'SAFE', 'SAFE', 'SAFE', 'SAFE', 'SAFE', 'SAFE', 'SAFE', 'SAFE', 'SAFE', 'SAFE', 'SAFE', 'SAFE', 'SAFE', 'SAFE', 'SAFE', 'SAFE', 'SAFE', 'SAFE', 'SAFE', 'SAFE', 'SAFE'], ['SAFE', 'SAFE', 'SAFE', 'SAFE', 'SAFE', 'SAFE', 'SAFE', 'SAFE', 'SAFE', 'SAFE', 'SAFE', 'SAFE', 'SAFE', 'SAFE', 'SAFE', 'SAFE', 'SAFE', 'SAFE', 'SAFE', 'SAFE', 'SAFE', 'SAFE', 'SAFE', 'SAFE', 'SAFE', 'SAFE', 'SAFE', 'SAFE', 'SAFE', 'SAFE', 'SAFE', 'SAFE', 'SAFE', 'SAFE', 'SAFE', 'SAFE', 'SAFE', 'SAFE', 'SAFE', 'SAFE', 'SAFE', 'SAFE', 'SAFE', 'SAFE', 'SAFE', 'SAFE', 'SAFE', 'SAFE', 'SAFE', 'SAFE'], ['SAFE', 'SAFE', 'SAFE', 'SAFE', 'mine', 'mine', 'mine', 'SAFE', 'SAFE', 'SAFE', 'SAFE', 'SAFE', 'SAFE', 'SAFE', 'SAFE', 'SAFE', 'SAFE', 'SAFE', 'SAFE', 'SAFE', 'SAFE', 'SAFE', 'SAFE', 'SAFE', 'SAFE', 'SAFE', 'SAFE', 'SAFE', 'SAFE', 'SAFE', 'SAFE', 'SAFE', 'SAFE', 'SAFE', 'SAFE', 'SAFE', 'SAFE', 'SAFE', 'SAFE', 'SAFE', 'SAFE', 'SAFE', 'SAFE', 'SAFE', 'SAFE', 'SAFE', 'SAFE', 'SAFE', 'SAFE', 'SAFE'], ['SAFE', 'SAFE', 'SAFE', 'SAFE', 'mine', 'mine', 'mine', 'mine', 'mine', 'mine', 'SAFE', 'SAFE', 'SAFE', 'SAFE', 'SAFE', 'mine', 'mine', 'mine', 'SAFE', 'SAFE', 'SAFE', 'SAFE', 'SAFE', 'SAFE', 'SAFE', 'SAFE', 'SAFE', 'SAFE', 'SAFE', 'SAFE', 'SAFE', 'SAFE', 'SAFE', 'SAFE', 'SAFE', 'SAFE', 'SAFE', 'SAFE', 'SAFE', 'SAFE', 'SAFE', 'SAFE', 'SAFE', 'SAFE', 'SAFE', 'SAFE', 'SAFE', 'SAFE', 'SAFE', 'SAFE'], ['SAFE', 'SAFE', 'SAFE', 'SAFE', 'SAFE', 'SAFE', 'SAFE', 'SAFE', 'SAFE', 'SAFE', 'SAFE', 'SAFE', 'SAFE', 'SAFE', 'SAFE', 'SAFE', 'SAFE', 'SAFE', 'SAFE', 'SAFE', 'SAFE', 'SAFE', 'SAFE', 'SAFE', 'SAFE', 'SAFE', 'SAFE', 'SAFE', 'SAFE', 'SAFE', 'SAFE', 'SAFE', 'SAFE', 'SAFE', 'SAFE', 'SAFE', 'SAFE', 'SAFE', 'SAFE', 'SAFE', 'SAFE', 'SAFE', 'SAFE', 'SAFE', 'SAFE', 'SAFE', 'SAFE', 'SAFE', 'SAFE', 'SAFE'], ['SAFE', 'SAFE', 'SAFE', 'SAFE', 'SAFE', 'SAFE', 'SAFE', 'SAFE', 'SAFE', 'SAFE', 'SAFE', 'SAFE', 'SAFE', 'SAFE', 'SAFE', 'SAFE', 'SAFE', 'SAFE', 'SAFE', 'SAFE', 'SAFE', 'SAFE', 'SAFE', 'SAFE', 'SAFE', 'SAFE', 'SAFE', 'SAFE', 'SAFE', 'SAFE', 'SAFE', 'SAFE', 'SAFE', 'SAFE', 'SAFE', 'SAFE', 'SAFE', 'SAFE', 'SAFE', 'SAFE', 'SAFE', 'SAFE', 'SAFE', 'mine', 'mine', 'mine', 'SAFE', 'SAFE', 'SAFE', 'SAFE'], ['SAFE', 'SAFE', 'SAFE', 'SAFE', 'SAFE', 'SAFE', 'SAFE', 'SAFE', 'SAFE', 'SAFE', 'SAFE', 'SAFE', 'SAFE', 'SAFE', 'SAFE', 'SAFE', 'SAFE', 'SAFE', 'SAFE', 'SAFE', 'SAFE', 'SAFE', 'SAFE', 'SAFE', 'SAFE', 'SAFE', 'SAFE', 'SAFE', 'SAFE', 'SAFE', 'SAFE', 'SAFE', 'SAFE', 'SAFE', 'SAFE', 'SAFE', 'SAFE', 'SAFE', 'SAFE', 'SAFE', 'SAFE', 'SAFE', 'SAFE', 'SAFE', 'SAFE', 'SAFE', 'SAFE', 'SAFE', 'SAFE', 'SAFE'], ['SAFE', 'SAFE', 'SAFE', 'SAFE', 'SAFE', 'SAFE', 'SAFE', 'SAFE', 'SAFE', 'SAFE', 'SAFE', 'SAFE', 'SAFE', 'SAFE', 'SAFE', 'SAFE', 'SAFE', 'SAFE', 'SAFE', 'SAFE', 'SAFE', 'SAFE', 'SAFE', 'SAFE', 'SAFE', 'SAFE', 'SAFE', 'SAFE', 'SAFE', 'SAFE', 'SAFE', 'SAFE', 'SAFE', 'SAFE', 'SAFE', 'SAFE', 'SAFE', 'SAFE', 'SAFE', 'SAFE', 'SAFE', 'SAFE', 'SAFE', 'SAFE', 'SAFE', 'SAFE', 'SAFE', 'SAFE', 'SAFE', 'SAFE'], ['SAFE', 'SAFE', 'SAFE', 'SAFE', 'SAFE', 'SAFE', 'SAFE', 'SAFE', 'SAFE', 'SAFE', 'SAFE', 'SAFE', 'SAFE', 'SAFE', 'SAFE', 'SAFE', 'SAFE', 'SAFE', 'SAFE', 'SAFE', 'SAFE', 'SAFE', 'SAFE', 'SAFE', 'SAFE', 'SAFE', 'SAFE', 'SAFE', 'SAFE', 'SAFE', 'SAFE', 'SAFE', 'SAFE', 'SAFE', 'SAFE', 'SAFE', 'SAFE', 'SAFE', 'SAFE', 'SAFE', 'SAFE', 'SAFE', 'SAFE', 'SAFE', 'SAFE', 'SAFE', 'SAFE', 'SAFE', 'SAFE', 'SAFE'], ['SAFE', 'SAFE', 'SAFE', 'SAFE', 'SAFE', 'SAFE', 'SAFE', 'SAFE', 'SAFE', 'SAFE', 'SAFE', 'SAFE', 'SAFE', 'SAFE', 'SAFE', 'SAFE', 'SAFE', 'SAFE', 'SAFE', 'SAFE', 'SAFE', 'SAFE', 'SAFE', 'SAFE', 'SAFE', 'SAFE', 'SAFE', 'SAFE', 'SAFE', 'SAFE', 'SAFE', 'SAFE', 'SAFE', 'SAFE', 'SAFE', 'SAFE', 'SAFE', 'SAFE', 'SAFE', 'SAFE', 'SAFE', 'SAFE', 'SAFE', 'SAFE', 'SAFE', 'SAFE', 'SAFE', 'SAFE', 'SAFE', 'SAFE'], ['SAFE', 'SAFE', 'SAFE', 'SAFE', 'SAFE', 'SAFE', 'SAFE', 'SAFE', 'SAFE', 'SAFE', 'SAFE', 'SAFE', 'SAFE', 'SAFE', 'SAFE', 'SAFE', 'SAFE', 'SAFE', 'SAFE', 'SAFE', 'SAFE', 'SAFE', 'SAFE', 'SAFE', 'SAFE', 'SAFE', 'SAFE', 'SAFE', 'SAFE', 'SAFE', 'SAFE', 'SAFE', 'SAFE', 'SAFE', 'SAFE', 'SAFE', 'SAFE', 'SAFE', 'SAFE', 'SAFE', 'SAFE', 'SAFE', 'SAFE', 'SAFE', 'SAFE', 'SAFE', 'SAFE', 'SAFE', 'SAFE', 'SAFE'], ['SAFE', 'SAFE', 'SAFE', 'SAFE', 'SAFE', 'SAFE', 'SAFE', 'SAFE', 'SAFE', 'SAFE', 'SAFE', 'SAFE', 'SAFE', 'SAFE', 'SAFE', 'SAFE', 'SAFE', 'SAFE', 'SAFE', 'SAFE', 'SAFE', 'SAFE', 'SAFE', 'SAFE', 'SAFE', 'SAFE', 'SAFE', 'SAFE', 'SAFE', 'SAFE', 'SAFE', 'SAFE', 'SAFE', 'mine', 'mine', 'mine', 'mine', 'mine', 'mine', 'SAFE', 'SAFE', 'SAFE', 'SAFE', 'SAFE', 'SAFE', 'SAFE', 'SAFE', 'SAFE', 'SAFE', 'SAFE'], ['SAFE', 'SAFE', 'mine', 'mine', 'mine', 'SAFE', 'SAFE', 'SAFE', 'SAFE', 'SAFE', 'SAFE', 'SAFE', 'SAFE', 'SAFE', 'SAFE', 'SAFE', 'SAFE', 'SAFE', 'SAFE', 'SAFE', 'SAFE', 'SAFE', 'SAFE', 'SAFE', 'SAFE', 'SAFE', 'SAFE', 'SAFE', 'SAFE', 'SAFE', 'SAFE', 'SAFE', 'SAFE', 'SAFE', 'SAFE', 'SAFE', 'SAFE', 'SAFE', 'SAFE', 'SAFE', 'SAFE', 'SAFE', 'SAFE', 'SAFE', 'SAFE', 'SAFE', 'SAFE', 'SAFE', 'SAFE', 'SAFE'], ['SAFE', 'SAFE', 'SAFE', 'SAFE', 'SAFE', 'SAFE', 'SAFE', 'SAFE', 'SAFE', 'SAFE', 'SAFE', 'SAFE', 'SAFE', 'SAFE', 'SAFE', 'SAFE', 'SAFE', 'mine', 'mine', 'mine', 'SAFE', 'SAFE', 'SAFE', 'SAFE', 'SAFE', 'SAFE', 'SAFE', 'SAFE', 'SAFE', 'SAFE', 'SAFE', 'SAFE', 'SAFE', 'SAFE', 'SAFE', 'SAFE', 'SAFE', 'SAFE', 'SAFE', 'SAFE', 'SAFE', 'SAFE', 'SAFE', 'SAFE', 'SAFE', 'SAFE', 'SAFE', 'SAFE', 'SAFE', 'SAFE'], ['SAFE', 'SAFE', 'SAFE', 'SAFE', 'SAFE', 'SAFE', 'SAFE', 'SAFE', 'SAFE', 'SAFE', 'SAFE', 'SAFE', 'SAFE', 'SAFE', 'SAFE', 'SAFE', 'SAFE', 'mine', 'mine', 'mine', 'SAFE', 'SAFE', 'SAFE', 'SAFE', 'SAFE', 'SAFE', 'SAFE', 'SAFE', 'mine', 'mine', 'mine', 'SAFE', 'mine', 'mine', 'mine', 'SAFE', 'SAFE', 'SAFE', 'SAFE', 'SAFE', 'SAFE', 'SAFE', 'SAFE', 'SAFE', 'SAFE', 'SAFE', 'SAFE', 'SAFE', 'SAFE', 'SAFE'], ['SAFE', 'SAFE', 'SAFE', 'SAFE', 'SAFE', 'SAFE', 'SAFE', 'SAFE', 'SAFE', 'mine', 'mine', 'mine', 'SAFE', 'SAFE', 'SAFE', 'SAFE', 'SAFE', 'SAFE', 'SAFE', 'SAFE', 'SAFE', 'SAFE', 'SAFE', 'SAFE', 'SAFE', 'SAFE', 'SAFE', 'SAFE', 'SAFE', 'SAFE', 'SAFE', 'SAFE', 'SAFE', 'SAFE', 'SAFE', 'SAFE', 'SAFE', 'SAFE', 'SAFE', 'SAFE', 'SAFE', 'SAFE', 'SAFE', 'SAFE', 'SAFE', 'SAFE', 'SAFE', 'SAFE', 'SAFE', 'SAFE'], ['SAFE', 'SAFE', 'SAFE', 'SAFE', 'SAFE', 'SAFE', 'SAFE', 'SAFE', 'SAFE', 'SAFE', 'SAFE', 'SAFE', 'SAFE', 'SAFE', 'SAFE', 'SAFE', 'SAFE', 'SAFE', 'SAFE', 'SAFE', 'SAFE', 'SAFE', 'SAFE', 'SAFE', 'SAFE', 'SAFE', 'SAFE', 'SAFE', 'SAFE', 'SAFE', 'SAFE', 'SAFE', 'SAFE', 'SAFE', 'SAFE', 'SAFE', 'SAFE', 'SAFE', 'SAFE', 'SAFE', 'SAFE', 'SAFE', 'SAFE', 'SAFE', 'SAFE', 'SAFE', 'SAFE', 'SAFE', 'SAFE', 'SAFE'], ['SAFE', 'SAFE', 'SAFE', 'SAFE', 'SAFE', 'SAFE', 'SAFE', 'SAFE', 'mine', 'mine', 'mine', 'SAFE', 'SAFE', 'SAFE', 'SAFE', 'SAFE', 'SAFE', 'SAFE', 'SAFE', 'SAFE', 'SAFE', 'SAFE', 'SAFE', 'SAFE', 'SAFE', 'SAFE', 'SAFE', 'SAFE', 'SAFE', 'SAFE', 'SAFE', 'SAFE', 'SAFE', 'SAFE', 'SAFE', 'SAFE', 'SAFE', 'SAFE', 'SAFE', 'SAFE', 'SAFE', 'SAFE', 'SAFE', 'SAFE', 'SAFE', 'SAFE', 'SAFE', 'SAFE', 'SAFE', 'SAFE'], ['SAFE', 'SAFE', 'SAFE', 'SAFE', 'mine', 'mine', 'mine', 'SAFE', 'SAFE', 'SAFE', 'SAFE', 'SAFE', 'SAFE', 'SAFE', 'SAFE', 'SAFE', 'SAFE', 'SAFE', 'SAFE', 'SAFE', 'SAFE', 'SAFE', 'SAFE', 'SAFE', 'SAFE', 'SAFE', 'SAFE', 'SAFE', 'SAFE', 'SAFE', 'SAFE', 'SAFE', 'SAFE', 'SAFE', 'SAFE', 'SAFE', 'SAFE', 'SAFE', 'SAFE', 'SAFE', 'SAFE', 'SAFE', 'SAFE', 'SAFE', 'SAFE', 'SAFE', 'SAFE', 'SAFE', 'SAFE', 'SAFE'], ['SAFE', 'SAFE', 'SAFE', 'SAFE', 'SAFE', 'SAFE', 'SAFE', 'SAFE', 'SAFE', 'SAFE', 'SAFE', 'SAFE', 'SAFE', 'SAFE', 'SAFE', 'SAFE', 'SAFE', 'SAFE', 'SAFE', 'SAFE', 'SAFE', 'SAFE', 'SAFE', 'SAFE', 'SAFE', 'SAFE', 'SAFE', 'SAFE', 'SAFE', 'SAFE', 'SAFE', 'SAFE', 'SAFE', 'mine', 'mine', 'mine', 'SAFE', 'SAFE', 'SAFE', 'SAFE', 'SAFE', 'SAFE', 'SAFE', 'SAFE', 'SAFE', 'SAFE', 'SAFE', 'SAFE', 'SAFE', 'SAFE'], ['SAFE', 'SAFE', 'SAFE', 'SAFE', 'SAFE', 'SAFE', 'SAFE', 'SAFE', 'SAFE', 'SAFE', 'SAFE', 'SAFE', 'SAFE', 'SAFE', 'SAFE', 'SAFE', 'SAFE', 'SAFE', 'SAFE', 'SAFE', 'SAFE', 'SAFE', 'SAFE', 'SAFE', 'SAFE', 'SAFE', 'SAFE', 'SAFE', 'SAFE', 'SAFE', 'mine', 'mine', 'mine', 'SAFE', 'SAFE', 'SAFE', 'SAFE', 'SAFE', 'SAFE', 'SAFE', 'SAFE', 'SAFE', 'SAFE', 'SAFE', 'SAFE', 'SAFE', 'SAFE', 'SAFE', 'SAFE', 'SAFE'], ['SAFE', 'SAFE', 'SAFE', 'SAFE', 'SAFE', 'SAFE', 'SAFE', 'SAFE', 'SAFE', 'SAFE', 'SAFE', 'SAFE', 'SAFE', 'SAFE', 'SAFE', 'SAFE', 'SAFE', 'SAFE', 'SAFE', 'SAFE', 'SAFE', 'SAFE', 'SAFE', 'SAFE', 'SAFE', 'SAFE', 'SAFE', 'SAFE', 'SAFE', 'SAFE', 'SAFE', 'SAFE', 'SAFE', 'SAFE', 'SAFE', 'SAFE', 'SAFE', 'SAFE', 'SAFE', 'SAFE', 'SAFE', 'SAFE', 'SAFE', 'SAFE', 'SAFE', 'SAFE', 'SAFE', 'SAFE', 'SAFE', 'SAFE'], ['SAFE', 'SAFE', 'SAFE', 'SAFE', 'SAFE', 'SAFE', 'SAFE', 'SAFE', 'SAFE', 'SAFE', 'SAFE', 'SAFE', 'SAFE', 'SAFE', 'SAFE', 'SAFE', 'SAFE', 'SAFE', 'SAFE', 'SAFE', 'SAFE', 'SAFE', 'SAFE', 'SAFE', 'SAFE', 'SAFE', 'SAFE', 'SAFE', 'SAFE', 'SAFE', 'SAFE', 'SAFE', 'SAFE', 'SAFE', 'SAFE', 'SAFE', 'SAFE', 'SAFE', 'SAFE', 'SAFE', 'SAFE', 'SAFE', 'SAFE', 'SAFE', 'SAFE', 'SAFE', 'SAFE', 'SAFE', 'SAFE', 'SAFE'], ['SAFE', 'SAFE', 'SAFE', 'SAFE', 'SAFE', 'SAFE', 'SAFE', 'SAFE', 'SAFE', 'SAFE', 'SAFE', 'SAFE', 'SAFE', 'SAFE', 'SAFE', 'SAFE', 'SAFE', 'SAFE', 'SAFE', 'SAFE', 'SAFE', 'SAFE', 'SAFE', 'SAFE', 'SAFE', 'SAFE', 'SAFE', 'SAFE', 'SAFE', 'SAFE', 'SAFE', 'SAFE', 'SAFE', 'SAFE', 'SAFE', 'mine', 'mine', 'mine', 'SAFE', 'SAFE', 'SAFE', 'SAFE', 'SAFE', 'SAFE', 'SAFE', 'SAFE', 'SAFE', 'SAFE', 'SAFE', 'SAFE'], ['SAFE', 'SAFE', 'SAFE', 'SAFE', 'SAFE', 'SAFE', 'SAFE', 'SAFE', 'SAFE', 'SAFE', 'SAFE', 'SAFE', 'SAFE', 'SAFE', 'SAFE', 'SAFE', 'SAFE', 'SAFE', 'SAFE', 'SAFE', 'SAFE', 'SAFE', 'SAFE', 'SAFE', 'SAFE', 'SAFE', 'SAFE', 'SAFE', 'mine', 'mine', 'mine', 'SAFE', 'SAFE', 'SAFE', 'SAFE', 'SAFE', 'SAFE', 'SAFE', 'SAFE', 'SAFE', 'SAFE', 'SAFE', 'SAFE', 'SAFE', 'SAFE', 'SAFE', 'SAFE', 'SAFE', 'SAFE', 'SAFE']]","[['SAFE', 'SAFE', 'SAFE', 'SAFE', 'SAFE', 'SAFE', 'SAFE', 'SAFE', 'SAFE', 'SAFE', 'SAFE', 'SAFE', 'SAFE', 'SAFE', 'SAFE', 'SAFE', 'SAFE', 'SAFE', 'SAFE', 'SAFE', 'SAFE', 'SAFE', 'SAFE', 'SAFE', 'SAFE', 'SAFE', 'SAFE', 'SAFE', 'SAFE', 'SAFE', 'SAFE', 'SAFE', 'SAFE', 'SAFE', 'SAFE', 'SAFE', 'SAFE', 'SAFE', 'SAFE', 'SAFE', 'SAFE', 'SAFE', 'SAFE', 'SAFE', 'SAFE', 'SAFE', 'SAFE', 'SAFE', 'SAFE', 'SAFE'], ['SAFE', 'SAFE', 'SAFE', 'SAFE', 'SAFE', 'SAFE', 'SAFE', 'SAFE', 'SAFE', 'SAFE', 'SAFE', 'SAFE', 'SAFE', 'SAFE', 'SAFE', 'SAFE', 'SAFE', 'SAFE', 'SAFE', 'SAFE', 'SAFE', 'SAFE', 'SAFE', 'SAFE', 'SAFE', 'SAFE', 'SAFE', 'SAFE', 'SAFE', 'SAFE', 'SAFE', 'SAFE', 'SAFE', 'SAFE', 'SAFE', 'SAFE', 'SAFE', 'SAFE', 'SAFE', 'SAFE', 'SAFE', 'SAFE', 'SAFE', 'SAFE', 'SAFE', 'SAFE', 'SAFE', 'SAFE', 'SAFE', 'SAFE'], ['SAFE', 'SAFE', 'SAFE', 'SAFE', 'SAFE', 'SAFE', 'SAFE', 'SAFE', 'SAFE', 'SAFE', 'mine', 'mine', 'mine', 'SAFE', 'SAFE', 'SAFE', 'SAFE', 'SAFE', 'SAFE', 'mine', 'mine', 'mine', 'SAFE', 'SAFE', 'SAFE', 'SAFE', 'SAFE', 'SAFE', 'SAFE', 'SAFE', 'SAFE', 'SAFE', 'SAFE', 'SAFE', 'SAFE', 'SAFE', 'SAFE', 'SAFE', 'SAFE', 'SAFE', 'SAFE', 'SAFE', 'SAFE', 'SAFE', 'SAFE', 'SAFE', 'SAFE', 'SAFE', 'SAFE', 'SAFE'], ['SAFE', 'SAFE', 'SAFE', 'SAFE', 'SAFE', 'SAFE', 'SAFE', 'SAFE', 'SAFE', 'SAFE', 'SAFE', 'SAFE', 'SAFE', 'SAFE', 'SAFE', 'SAFE', 'SAFE', 'SAFE', 'SAFE', 'SAFE', 'SAFE', 'SAFE', 'SAFE', 'SAFE', 'SAFE', 'SAFE', 'SAFE', 'SAFE', 'SAFE', 'SAFE', 'SAFE', 'SAFE', 'SAFE', 'SAFE', 'SAFE', 'SAFE', 'SAFE', 'SAFE', 'SAFE', 'SAFE', 'SAFE', 'SAFE', 'SAFE', 'SAFE', 'SAFE', 'SAFE', 'SAFE', 'SAFE', 'SAFE', 'SAFE'], ['SAFE', 'SAFE', 'SAFE', 'SAFE', 'SAFE', 'SAFE', 'SAFE', 'SAFE', 'SAFE', 'SAFE', 'SAFE', 'SAFE', 'SAFE', 'SAFE', 'SAFE', 'SAFE', 'SAFE', 'SAFE', 'SAFE', 'SAFE', 'SAFE', 'SAFE', 'mine', 'mine', 'mine', 'SAFE', 'SAFE', 'SAFE', 'SAFE', 'SAFE', 'SAFE', 'SAFE', 'SAFE', 'SAFE', 'SAFE', 'SAFE', 'SAFE', 'SAFE', 'SAFE', 'SAFE', 'SAFE', 'SAFE', 'SAFE', 'SAFE', 'SAFE', 'SAFE', 'SAFE', 'SAFE', 'SAFE', 'SAFE'], ['SAFE', 'SAFE', 'SAFE', 'SAFE', 'SAFE', 'SAFE', 'SAFE', 'SAFE', 'SAFE', 'SAFE', 'mine', 'mine', 'mine', 'SAFE', 'SAFE', 'SAFE', 'SAFE', 'SAFE', 'SAFE', 'SAFE', 'SAFE', 'SAFE', 'SAFE', 'SAFE', 'SAFE', 'SAFE', 'SAFE', 'SAFE', 'SAFE', 'SAFE', 'SAFE', 'SAFE', 'SAFE', 'SAFE', 'SAFE', 'SAFE', 'SAFE', 'SAFE', 'SAFE', 'SAFE', 'SAFE', 'SAFE', 'SAFE', 'SAFE', 'SAFE', 'SAFE', 'SAFE', 'SAFE', 'SAFE', 'SAFE'], ['SAFE', 'SAFE', 'SAFE', 'SAFE', 'SAFE', 'SAFE', 'SAFE', 'SAFE', 'SAFE', 'SAFE', 'SAFE', 'SAFE', 'SAFE', 'SAFE', 'SAFE', 'SAFE', 'SAFE', 'SAFE', 'SAFE', 'SAFE', 'SAFE', 'SAFE', 'SAFE', 'SAFE', 'SAFE', 'SAFE', 'SAFE', 'SAFE', 'SAFE', 'SAFE', 'SAFE', 'SAFE', 'SAFE', 'SAFE', 'SAFE', 'SAFE', 'SAFE', 'SAFE', 'SAFE', 'SAFE', 'SAFE', 'SAFE', 'SAFE', 'SAFE', 'SAFE', 'SAFE', 'SAFE', 'SAFE', 'SAFE', 'SAFE'], ['SAFE', 'SAFE', 'SAFE', 'SAFE', 'SAFE', 'SAFE', 'SAFE', 'SAFE', 'SAFE', 'SAFE', 'SAFE', 'SAFE', 'SAFE', 'SAFE', 'SAFE', 'SAFE', 'SAFE', 'SAFE', 'SAFE', 'SAFE', 'SAFE', 'SAFE', 'SAFE', 'SAFE', 'SAFE', 'SAFE', 'SAFE', 'SAFE', 'SAFE', 'SAFE', 'mine', 'mine', 'mine', 'SAFE', 'SAFE', 'SAFE', 'SAFE', 'SAFE', 'SAFE', 'SAFE', 'SAFE', 'SAFE', 'SAFE', 'SAFE', 'SAFE', 'SAFE', 'SAFE', 'SAFE', 'SAFE', 'SAFE'], ['SAFE', 'SAFE', 'SAFE', 'SAFE', 'SAFE', 'SAFE', 'SAFE', 'SAFE', 'SAFE', 'SAFE', 'SAFE', 'SAFE', 'SAFE', 'SAFE', 'SAFE', 'SAFE', 'SAFE', 'SAFE', 'SAFE', 'SAFE', 'SAFE', 'SAFE', 'SAFE', 'SAFE', 'SAFE', 'SAFE', 'SAFE', 'SAFE', 'SAFE', 'SAFE', 'SAFE', 'SAFE', 'SAFE', 'SAFE', 'SAFE', 'SAFE', 'SAFE', 'SAFE', 'SAFE', 'SAFE', 'SAFE', 'SAFE', 'SAFE', 'SAFE', 'SAFE', 'SAFE', 'SAFE', 'SAFE', 'SAFE', 'SAFE'], ['SAFE', 'SAFE', 'SAFE', 'SAFE', 'SAFE', 'SAFE', 'SAFE', 'SAFE', 'SAFE', 'SAFE', 'SAFE', 'SAFE', 'SAFE', 'SAFE', 'SAFE', 'SAFE', 'SAFE', 'SAFE', 'SAFE', 'SAFE', 'SAFE', 'SAFE', 'SAFE', 'SAFE', 'SAFE', 'SAFE', 'SAFE', 'SAFE', 'SAFE', 'SAFE', 'SAFE', 'SAFE', 'SAFE', 'SAFE', 'SAFE', 'SAFE', 'SAFE', 'SAFE', 'SAFE', 'SAFE', 'SAFE', 'SAFE', 'SAFE', 'SAFE', 'SAFE', 'SAFE', 'SAFE', 'SAFE', 'SAFE', 'SAFE'], ['SAFE', 'SAFE', 'SAFE', 'SAFE', 'SAFE', 'SAFE', 'SAFE', 'SAFE', 'SAFE', 'SAFE', 'SAFE', 'SAFE', 'SAFE', 'SAFE', 'SAFE', 'SAFE', 'SAFE', 'SAFE', 'SAFE', 'SAFE', 'SAFE', 'SAFE', 'SAFE', 'SAFE', 'SAFE', 'SAFE', 'SAFE', 'SAFE', 'SAFE', 'SAFE', 'SAFE', 'SAFE', 'SAFE', 'SAFE', 'SAFE', 'SAFE', 'SAFE', 'SAFE', 'SAFE', 'SAFE', 'SAFE', 'SAFE', 'SAFE', 'SAFE', 'SAFE', 'SAFE', 'SAFE', 'SAFE', 'SAFE', 'SAFE'], ['SAFE', 'SAFE', 'SAFE', 'SAFE', 'SAFE', 'SAFE', 'SAFE', 'SAFE', 'SAFE', 'SAFE', 'SAFE', 'SAFE', 'SAFE', 'SAFE', 'SAFE', 'SAFE', 'SAFE', 'SAFE', 'SAFE', 'SAFE', 'SAFE', 'SAFE', 'SAFE', 'SAFE', 'SAFE', 'SAFE', 'SAFE', 'SAFE', 'SAFE', 'SAFE', 'SAFE', 'SAFE', 'SAFE', 'SAFE', 'mine', 'mine', 'mine', 'SAFE', 'SAFE', 'SAFE', 'SAFE', 'SAFE', 'SAFE', 'mine', 'mine', 'mine', 'SAFE', 'SAFE', 'SAFE', 'SAFE'], ['SAFE', 'SAFE', 'SAFE', 'SAFE', 'SAFE', 'SAFE', 'SAFE', 'SAFE', 'SAFE', 'SAFE', 'SAFE', 'SAFE', 'SAFE', 'mine', 'mine', 'mine', 'SAFE', 'SAFE', 'SAFE', 'SAFE', 'SAFE', 'SAFE', 'SAFE', 'SAFE', 'SAFE', 'SAFE', 'SAFE', 'SAFE', 'SAFE', 'SAFE', 'SAFE', 'SAFE', 'SAFE', 'SAFE', 'SAFE', 'SAFE', 'SAFE', 'SAFE', 'SAFE', 'SAFE', 'SAFE', 'SAFE', 'SAFE', 'SAFE', 'SAFE', 'SAFE', 'SAFE', 'SAFE', 'SAFE', 'SAFE'], ['SAFE', 'SAFE', 'SAFE', 'SAFE', 'SAFE', 'SAFE', 'SAFE', 'SAFE', 'SAFE', 'SAFE', 'SAFE', 'SAFE', 'SAFE', 'SAFE', 'SAFE', 'SAFE', 'SAFE', 'SAFE', 'SAFE', 'SAFE', 'SAFE', 'SAFE', 'SAFE', 'SAFE', 'SAFE', 'SAFE', 'SAFE', 'SAFE', 'SAFE', 'SAFE', 'SAFE', 'SAFE', 'SAFE', 'SAFE', 'SAFE', 'SAFE', 'SAFE', 'SAFE', 'SAFE', 'SAFE', 'SAFE', 'SAFE', 'SAFE', 'SAFE', 'SAFE', 'SAFE', 'SAFE', 'SAFE', 'SAFE', 'SAFE'], ['SAFE', 'SAFE', 'SAFE', 'SAFE', 'SAFE', 'SAFE', 'SAFE', 'SAFE', 'SAFE', 'SAFE', 'SAFE', 'SAFE', 'SAFE', 'SAFE', 'SAFE', 'SAFE', 'SAFE', 'SAFE', 'SAFE', 'SAFE', 'SAFE', 'SAFE', 'SAFE', 'SAFE', 'SAFE', 'SAFE', 'SAFE', 'SAFE', 'SAFE', 'SAFE', 'SAFE', 'SAFE', 'SAFE', 'SAFE', 'SAFE', 'SAFE', 'SAFE', 'SAFE', 'SAFE', 'SAFE', 'SAFE', 'SAFE', 'SAFE', 'SAFE', 'SAFE', 'SAFE', 'SAFE', 'SAFE', 'SAFE', 'SAFE'], ['SAFE', 'SAFE', 'mine', 'mine', 'mine', 'SAFE', 'SAFE', 'SAFE', 'SAFE', 'SAFE', 'SAFE', 'SAFE', 'SAFE', 'SAFE', 'SAFE', 'mine', 'mine', 'mine', 'SAFE', 'SAFE', 'SAFE', 'SAFE', 'SAFE', 'SAFE', 'SAFE', 'SAFE', 'SAFE', 'SAFE', 'SAFE', 'SAFE', 'SAFE', 'SAFE', 'SAFE', 'SAFE', 'SAFE', 'SAFE', 'SAFE', 'SAFE', 'SAFE', 'SAFE', 'SAFE', 'SAFE', 'SAFE', 'SAFE', 'SAFE', 'SAFE', 'SAFE', 'SAFE', 'SAFE', 'SAFE'], ['SAFE', 'SAFE', 'SAFE', 'SAFE', 'SAFE', 'SAFE', 'SAFE', 'SAFE', 'SAFE', 'SAFE', 'SAFE', 'SAFE', 'SAFE', 'SAFE', 'SAFE', 'SAFE', 'SAFE', 'SAFE', 'SAFE', 'SAFE', 'SAFE', 'SAFE', 'SAFE', 'SAFE', 'SAFE', 'SAFE', 'SAFE', 'SAFE', 'SAFE', 'SAFE', 'SAFE', 'SAFE', 'SAFE', 'SAFE', 'SAFE', 'SAFE', 'SAFE', 'SAFE', 'SAFE', 'mine', 'mine', 'mine', 'SAFE', 'SAFE', 'SAFE', 'SAFE', 'SAFE', 'SAFE', 'SAFE', 'SAFE'], ['SAFE', 'SAFE', 'SAFE', 'SAFE', 'SAFE', 'SAFE', 'SAFE', 'mine', 'mine', 'mine', 'SAFE', 'SAFE', 'SAFE', 'SAFE', 'SAFE', 'SAFE', 'SAFE', 'SAFE', 'SAFE', 'mine', 'mine', 'mine', 'SAFE', 'SAFE', 'SAFE', 'SAFE', 'SAFE', 'SAFE', 'SAFE', 'SAFE', 'SAFE', 'SAFE', 'SAFE', 'SAFE', 'SAFE', 'SAFE', 'SAFE', 'SAFE', 'SAFE', 'SAFE', 'SAFE', 'SAFE', 'SAFE', 'SAFE', 'SAFE', 'SAFE', 'SAFE', 'SAFE', 'SAFE', 'SAFE'], ['SAFE', 'SAFE', 'SAFE', 'SAFE', 'SAFE', 'SAFE', 'SAFE', 'SAFE', 'SAFE', 'SAFE', 'SAFE', 'SAFE', 'SAFE', 'SAFE', 'SAFE', 'SAFE', 'mine', 'mine', 'mine', 'SAFE', 'SAFE', 'SAFE', 'SAFE', 'SAFE', 'SAFE', 'SAFE', 'SAFE', 'SAFE', 'SAFE', 'SAFE', 'SAFE', 'SAFE', 'SAFE', 'SAFE', 'SAFE', 'SAFE', 'SAFE', 'SAFE', 'SAFE', 'SAFE', 'mine', 'mine', 'mine', 'SAFE', 'SAFE', 'SAFE', 'SAFE', 'SAFE', 'SAFE', 'SAFE'], ['SAFE', 'SAFE', 'SAFE', 'SAFE', 'SAFE', 'SAFE', 'SAFE', 'SAFE', 'SAFE', 'SAFE', 'SAFE', 'SAFE', 'SAFE', 'SAFE', 'mine', 'mine', 'mine', 'SAFE', 'SAFE', 'SAFE', 'SAFE', 'SAFE', 'SAFE', 'SAFE', 'SAFE', 'SAFE', 'SAFE', 'SAFE', 'SAFE', 'SAFE', 'SAFE', 'SAFE', 'SAFE', 'SAFE', 'SAFE', 'SAFE', 'SAFE', 'SAFE', 'SAFE', 'SAFE', 'SAFE', 'SAFE', 'SAFE', 'SAFE', 'SAFE', 'SAFE', 'SAFE', 'SAFE', 'SAFE', 'SAFE'], ['SAFE', 'SAFE', 'SAFE', 'SAFE', 'SAFE', 'SAFE', 'SAFE', 'SAFE', 'SAFE', 'SAFE', 'SAFE', 'mine', 'mine', 'mine', 'SAFE', 'SAFE', 'SAFE', 'SAFE', 'SAFE', 'SAFE', 'SAFE', 'SAFE', 'SAFE', 'SAFE', 'SAFE', 'SAFE', 'SAFE', 'SAFE', 'SAFE', 'SAFE', 'SAFE', 'SAFE', 'SAFE', 'SAFE', 'SAFE', 'SAFE', 'SAFE', 'SAFE', 'SAFE', 'SAFE', 'SAFE', 'SAFE', 'SAFE', 'SAFE', 'SAFE', 'SAFE', 'SAFE', 'SAFE', 'SAFE', 'SAFE'], ['SAFE', 'SAFE', 'SAFE', 'SAFE', 'SAFE', 'SAFE', 'SAFE', 'SAFE', 'SAFE', 'SAFE', 'SAFE', 'SAFE', 'SAFE', 'SAFE', 'SAFE', 'SAFE', 'SAFE', 'SAFE', 'SAFE', 'SAFE', 'SAFE', 'SAFE', 'SAFE', 'SAFE', 'SAFE', 'SAFE', 'SAFE', 'SAFE', 'SAFE', 'SAFE', 'SAFE', 'mine', 'mine', 'mine', 'SAFE', 'SAFE', 'SAFE', 'SAFE', 'SAFE', 'SAFE', 'SAFE', 'SAFE', 'SAFE', 'SAFE', 'SAFE', 'SAFE', 'SAFE', 'SAFE', 'SAFE', 'SAFE'], ['SAFE', 'SAFE', 'SAFE', 'SAFE', 'SAFE', 'SAFE', 'SAFE', 'mine', 'mine', 'mine', 'SAFE', 'SAFE', 'SAFE', 'SAFE', 'SAFE', 'SAFE', 'SAFE', 'SAFE', 'SAFE', 'SAFE', 'SAFE', 'SAFE', 'SAFE', 'SAFE', 'SAFE', 'SAFE', 'SAFE', 'SAFE', 'SAFE', 'SAFE', 'SAFE', 'SAFE', 'SAFE', 'SAFE', 'SAFE', 'SAFE', 'SAFE', 'SAFE', 'SAFE', 'SAFE', 'SAFE', 'SAFE', 'SAFE', 'SAFE', 'SAFE', 'SAFE', 'SAFE', 'SAFE', 'SAFE', 'SAFE'], ['SAFE', 'SAFE', 'SAFE', 'SAFE', 'SAFE', 'SAFE', 'SAFE', 'SAFE', 'SAFE', 'SAFE', 'SAFE', 'SAFE', 'SAFE', 'SAFE', 'SAFE', 'SAFE', 'SAFE', 'SAFE', 'SAFE', 'SAFE', 'SAFE', 'SAFE', 'SAFE', 'SAFE', 'SAFE', 'SAFE', 'SAFE', 'SAFE', 'SAFE', 'SAFE', 'SAFE', 'SAFE', 'SAFE', 'SAFE', 'SAFE', 'SAFE', 'SAFE', 'SAFE', 'SAFE', 'SAFE', 'SAFE', 'SAFE', 'SAFE', 'SAFE', 'SAFE', 'SAFE', 'SAFE', 'SAFE', 'SAFE', 'SAFE'], ['SAFE', 'SAFE', 'SAFE', 'SAFE', 'SAFE', 'SAFE', 'SAFE', 'SAFE', 'SAFE', 'SAFE', 'SAFE', 'SAFE', 'SAFE', 'SAFE', 'SAFE', 'SAFE', 'SAFE', 'SAFE', 'SAFE', 'SAFE', 'SAFE', 'SAFE', 'SAFE', 'SAFE', 'SAFE', 'SAFE', 'SAFE', 'SAFE', 'SAFE', 'SAFE', 'SAFE', 'SAFE', 'SAFE', 'SAFE', 'SAFE', 'SAFE', 'SAFE', 'SAFE', 'SAFE', 'SAFE', 'SAFE', 'SAFE', 'SAFE', 'SAFE', 'SAFE', 'SAFE', 'SAFE', 'SAFE', 'SAFE', 'SAFE']]"
5,5,5,5,,False,False
6,6,6,6,,False,False
7,7,7,7,,False,False
8,8,8,8,,"[(36, 23), (31, 20), (44, 5), (5, 18), (18, 14), (33, 14), (16, 3), (37, 11), (18, 13), (5, 3), (8, 3), (34, 11), (34, 19), (10, 15), (29, 24), (3, 12), (5, 2), (9, 17), (29, 14)]","[(17, 18), (44, 11), (41, 18), (8, 17), (20, 17), (31, 7), (15, 19), (8, 22), (14, 12), (16, 15), (35, 11), (32, 21), (23, 4), (11, 5), (40, 16), (3, 15), (11, 2), (20, 2), (12, 20)]"
